{
    "dataHidden": [
        -0.8610301163912001,
        -0.03167872543237277,
        0.443912847077244,
        0.15286264196000712
    ],
    "dataInput": [
        0.09411764705882353,
        0.10588235294117647,
        0.13333333333333333,
        1.0
    ],
    "dataOutput": [
        -0.978105571567566
    ],
    "hidden": 4,
    "inputs": 4,
    "outputs": 1,
    "rate": 0.05,
    "wHidden": [
        [
            3.233876729769747
        ],
        [
            2.1010075089729954
        ],
        [
            1.1647456046127485
        ],
        [
            0.5373818886384676
        ]
    ],
    "wInputs": [
        [
            3.9770685084156865,
            2.6463037805558147,
            0.8214767202332598,
            0.6760388064609361
        ],
        [
            -1.604127127145696,
            -1.1379525296026824,
            0.3151952735632704,
            -0.09317581856933943
        ],
        [
            -1.7957809977911936,
            -1.1191574398860147,
            0.366216930018923,
            0.04401516104524854
        ],
        [
            -1.262340206416903,
            -0.011043130665348254,
            0.3175754680716958,
            0.09444007028945213
        ]
    ]
}