{
    "dataHidden": [
        0.8476882824612347,
        -0.4015951606941899,
        -0.7919259753959212
    ],
    "dataInput": [
        0.07735150774879183,
        1.0
    ],
    "dataOutput": [
        0.995605060732624
    ],
    "hidden": 3,
    "inputs": 2,
    "outputs": 1,
    "rate": 0.5,
    "wHidden": [
        [
            2.078774260590827
        ],
        [
            -0.40145380099104694
        ],
        [
            -1.4341984266311196
        ]
    ],
    "wInputs": [
        [
            1.0129015949690527,
            0.022406035935171768,
            -0.46819421504627057
        ],
        [
            1.1695425596271893,
            -0.4272890456363627,
            -1.040371029476931
        ]
    ]
}