{
    "dataHidden": [
        0.946014384732949,
        0.7701651930588226,
        0.3883506356719107
    ],
    "dataInput": [
        0.0,
        0.5029215464608096,
        1.0
    ],
    "dataOutput": [
        0.9981507844579364
    ],
    "hidden": 3,
    "inputs": 3,
    "outputs": 1,
    "rate": 0.5,
    "wHidden": [
        [
            1.8977913599514051
        ],
        [
            2.0224257707156355
        ],
        [
            0.35964430179850915
        ]
    ],
    "wInputs": [
        [
            -0.6696699908923273,
            -2.0744394647979485,
            -0.27086332564762183
        ],
        [
            -0.0015405639291934086,
            -0.005020477984386889,
            0.01990407813547078
        ],
        [
            1.7931852965604216,
            1.023258571773524,
            0.399846082396023
        ]
    ]
}