{
    "dataHidden": [
        0.9999999999853936,
        0.9999999999997123,
        -0.9999999989670005
    ],
    "dataInput": [
        1.0,
        6.540438189361006,
        3.0,
        1.0
    ],
    "dataOutput": [
        0.04492978497541797
    ],
    "hidden": 3,
    "inputs": 4,
    "outputs": 1,
    "rate": 0.5,
    "wHidden": [
        [
            0.0009601245168153541
        ],
        [
            -0.043793210224681044
        ],
        [
            -0.08779314048177261
        ]
    ],
    "wInputs": [
        [
            1.1223029030008864,
            1.2166209223483417,
            -0.8053076860992646
        ],
        [
            1.6179256350776876,
            1.7748911544544173,
            -1.3201975886968147
        ],
        [
            0.25419569997418234,
            0.42744218923599825,
            -0.3645494022171505
        ],
        [
            0.35452237714420337,
            0.6774871066969413,
            -0.15834655543709744
        ]
    ]
}